{
  "alphabet": [
    "/D", "+", "-", ".", "e", "E"
  ],
  "initialStates": [
    "1"
  ],
  "finalStates": [
    "2", "3", "5", "9"
  ],
  "transitions": {
    "1": {"/D": ["2"], "+": ["6"], "-": ["6"], ".": ["7"]},
    "2": {"/D": ["2"], ".": ["3"], "e": ["4"], "E": ["4"]},
    "3": {"/D": ["3"], "e": ["4"], "E": ["4"]},
    "4": {"/D": ["5"], "+": ["8"], "-": ["8"]},
    "5": {"/D": ["5"]},
    "6": {"/D": ["2"], ".": ["7"]},
    "7": {"/D": ["9"]},
    "8": {"/D": ["5"]},
    "9": {"/D": ["9"], "e": ["4"], "E": ["4"]}
  }
}
